id,nombre,apellido,email,genero,fecha_nacimiento,jubilado,ciudad
1,Valina,Bowness,vbowness0@ox.ac.uk,Female,18-11-1987,false,Loma Bonita
2,Darcee,Rodrigo,drodrigo1@newyorker.com,Female,09-04-1990,false,Otoka
3,Daloris,Gwilt,dgwilt2@google.com.br,Female,27-11-2011,true,Dongchong
4,Nevil,Grundon,ngrundon3@soundcloud.com,Male,03-10-1996,false,Jarash
5,Gena,Wilsdon,gwilsdon4@washington.edu,Female,22-10-2010,false,Bāniyās
6,Kennan,Tonkinson,ktonkinson5@engadget.com,Male,23-04-2006,true,Yihe
7,Ardyce,MacAlister,amacalister6@trellian.com,Female,29-12-2001,false,Luhyny
8,Balduin,McPaike,bmcpaike7@google.ru,Male,28-11-2021,false,Bireun
9,Pru,,pdominka8@comcast.net,Female,14-09-2013,false,Purworejo
10,Annette,Rucklesse,arucklesse9@columbia.edu,Female,03-10-1994,false,Byala Slatina
